{
  "adaptive_flipped_lasso_cv": {
    "test_mse": {
      "mean": 45.33354126847863,
      "std": 4.101455060567589
    },
    "model_size": {
      "mean": 82.4,
      "std": 29.436183327477917
    },
    "top_features": [
      [
        472.0,
        1.0,
        10
      ],
      [
        156.0,
        1.0,
        10
      ],
      [
        34.0,
        1.0,
        10
      ],
      [
        88.0,
        0.8,
        8
      ],
      [
        959.0,
        0.8,
        8
      ],
      [
        282.0,
        0.8,
        8
      ],
      [
        491.0,
        0.8,
        8
      ],
      [
        584.0,
        0.8,
        8
      ],
      [
        676.0,
        0.8,
        8
      ],
      [
        165.0,
        0.8,
        8
      ],
      [
        625.0,
        0.7,
        7
      ],
      [
        802.0,
        0.7,
        7
      ],
      [
        829.0,
        0.7,
        7
      ],
      [
        350.0,
        0.7,
        7
      ],
      [
        304.0,
        0.7,
        7
      ],
      [
        303.0,
        0.7,
        7
      ],
      [
        668.0,
        0.7,
        7
      ],
      [
        287.0,
        0.7,
        7
      ],
      [
        361.0,
        0.7,
        7
      ],
      [
        506.0,
        0.7,
        7
      ]
    ]
  },
  "lasso_cv": {
    "test_mse": {
      "mean": 0.6792598947628058,
      "std": 0.19149896299728608
    },
    "model_size": {
      "mean": 25.9,
      "std": 12.582615873586153
    },
    "top_features": [
      [
        984.0,
        1.0,
        10
      ],
      [
        156.0,
        1.0,
        10
      ],
      [
        34.0,
        1.0,
        10
      ],
      [
        472.0,
        1.0,
        10
      ],
      [
        676.0,
        0.9,
        9
      ],
      [
        1009.0,
        0.9,
        9
      ],
      [
        625.0,
        0.7,
        7
      ],
      [
        624.0,
        0.7,
        7
      ],
      [
        668.0,
        0.7,
        7
      ],
      [
        64.0,
        0.6,
        6
      ],
      [
        738.0,
        0.6,
        6
      ],
      [
        802.0,
        0.6,
        6
      ],
      [
        157.0,
        0.6,
        6
      ],
      [
        32.0,
        0.6,
        6
      ],
      [
        88.0,
        0.6,
        6
      ],
      [
        506.0,
        0.5,
        5
      ],
      [
        304.0,
        0.5,
        5
      ],
      [
        165.0,
        0.5,
        5
      ],
      [
        667.0,
        0.4,
        4
      ],
      [
        491.0,
        0.4,
        4
      ]
    ]
  }
}