{
  "pfl_regressor_cv": {
    "test_mse": {
      "mean": 0.3476641946124506,
      "std": 0.21659813447860193
    },
    "model_size": {
      "mean": 16.95,
      "std": 7.225620800982844
    },
    "top_features": [
      [
        2563.0,
        0.97,
        97
      ],
      [
        1761.0,
        0.93,
        93
      ],
      [
        4002.0,
        0.81,
        81
      ],
      [
        623.0,
        0.8,
        80
      ],
      [
        2026.0,
        0.66,
        66
      ],
      [
        4003.0,
        0.64,
        64
      ],
      [
        72.0,
        0.54,
        54
      ],
      [
        3513.0,
        0.53,
        53
      ],
      [
        1302.0,
        0.49,
        49
      ],
      [
        1523.0,
        0.47,
        47
      ],
      [
        1638.0,
        0.44,
        44
      ],
      [
        2873.0,
        0.44,
        44
      ],
      [
        1281.0,
        0.43,
        43
      ],
      [
        1424.0,
        0.4,
        40
      ],
      [
        2241.0,
        0.37,
        37
      ],
      [
        1130.0,
        0.37,
        37
      ],
      [
        3225.0,
        0.36,
        36
      ],
      [
        3310.0,
        0.33,
        33
      ],
      [
        1826.0,
        0.3,
        30
      ],
      [
        1278.0,
        0.26,
        26
      ]
    ]
  },
  "lasso_cv": {
    "test_mse": {
      "mean": 0.29117599169944786,
      "std": 0.15291612467375423
    },
    "model_size": {
      "mean": 42.24,
      "std": 12.710546007075376
    },
    "top_features": [
      [
        2563.0,
        0.98,
        98
      ],
      [
        1761.0,
        0.92,
        92
      ],
      [
        4002.0,
        0.8,
        80
      ],
      [
        623.0,
        0.8,
        80
      ],
      [
        72.0,
        0.75,
        75
      ],
      [
        1130.0,
        0.75,
        75
      ],
      [
        2026.0,
        0.75,
        75
      ],
      [
        1638.0,
        0.68,
        68
      ],
      [
        4003.0,
        0.64,
        64
      ],
      [
        2873.0,
        0.6,
        60
      ],
      [
        1424.0,
        0.59,
        59
      ],
      [
        3310.0,
        0.59,
        59
      ],
      [
        3225.0,
        0.55,
        55
      ],
      [
        1826.0,
        0.54,
        54
      ],
      [
        1302.0,
        0.51,
        51
      ],
      [
        2241.0,
        0.47,
        47
      ],
      [
        3513.0,
        0.45,
        45
      ],
      [
        858.0,
        0.43,
        43
      ],
      [
        1363.0,
        0.43,
        43
      ],
      [
        3104.0,
        0.41,
        41
      ]
    ]
  },
  "relaxed_lasso_1se": {
    "test_mse": {
      "mean": 0.28186573614817745,
      "std": 0.13754484468579412
    },
    "model_size": {
      "mean": 20.92,
      "std": 7.288679474695569
    },
    "top_features": [
      [
        2563.0,
        0.89,
        89
      ],
      [
        4002.0,
        0.82,
        82
      ],
      [
        623.0,
        0.79,
        79
      ],
      [
        1761.0,
        0.69,
        69
      ],
      [
        1515.0,
        0.68,
        68
      ],
      [
        1311.0,
        0.65,
        65
      ],
      [
        1638.0,
        0.63,
        63
      ],
      [
        4003.0,
        0.57,
        57
      ],
      [
        1302.0,
        0.53,
        53
      ],
      [
        3513.0,
        0.52,
        52
      ],
      [
        72.0,
        0.49,
        49
      ],
      [
        1296.0,
        0.45,
        45
      ],
      [
        4074.0,
        0.39,
        39
      ],
      [
        3225.0,
        0.38,
        38
      ],
      [
        973.0,
        0.38,
        38
      ],
      [
        3310.0,
        0.37,
        37
      ],
      [
        1826.0,
        0.36,
        36
      ],
      [
        1819.0,
        0.35,
        35
      ],
      [
        1278.0,
        0.34,
        34
      ],
      [
        2026.0,
        0.34,
        34
      ]
    ]
  }
}