sigma,snr,repeat,model,algo,use_cv,mse,r2,f1,tpr,fdr,precision,recall,sparsity,n_selected,fold,train_time,best_gamma,best_alpha,best_lambda_ridge,cv_score
2.0,0.5,0,AFL-CV-1SE,aflclassifier_cv,True,6.193592160942947,0.9803490866529968,0.6506884226884228,0.78,0.430812656641604,0.569187343358396,0.78,0.9436,28.2,2.0,8.846128177642822,0.7,1.5925496965433747,2.0,-7.47738886840351
2.0,0.5,1,AFL-CV-1SE,aflclassifier_cv,True,7.724137992857097,0.979730147283903,0.5529897573543273,0.65,0.5085139522639522,0.49148604773604776,0.65,0.9456,27.2,2.0,11.320126390457153,0.6599999999999999,1.7969037244167747,2.0,-9.889483740019198
2.0,0.5,2,AFL-CV-1SE,aflclassifier_cv,True,7.004714166260186,0.9800462010646221,0.6935902099437119,0.82,0.38806674806674807,0.6119332519332519,0.82,0.944,28.0,2.0,10.553362226486206,0.7,1.515896705961754,2.0,-7.95874719353081
