{
  "pfl_regressor_cv": {
    "test_mse": {
      "mean": 0.34707440923166044,
      "std": 0.21523968567338486
    },
    "model_size": {
      "mean": 16.89,
      "std": 6.675592509548148
    },
    "top_features": [
      [
        2563.0,
        0.97,
        97
      ],
      [
        1761.0,
        0.92,
        92
      ],
      [
        4002.0,
        0.81,
        81
      ],
      [
        623.0,
        0.8,
        80
      ],
      [
        2026.0,
        0.66,
        66
      ],
      [
        4003.0,
        0.63,
        63
      ],
      [
        72.0,
        0.55,
        55
      ],
      [
        3513.0,
        0.53,
        53
      ],
      [
        1302.0,
        0.49,
        49
      ],
      [
        1523.0,
        0.48,
        48
      ],
      [
        2873.0,
        0.46,
        46
      ],
      [
        1638.0,
        0.44,
        44
      ],
      [
        1281.0,
        0.43,
        43
      ],
      [
        1424.0,
        0.4,
        40
      ],
      [
        1130.0,
        0.37,
        37
      ],
      [
        3225.0,
        0.37,
        37
      ],
      [
        2241.0,
        0.36,
        36
      ],
      [
        3310.0,
        0.33,
        33
      ],
      [
        1826.0,
        0.31,
        31
      ],
      [
        4074.0,
        0.25,
        25
      ]
    ]
  },
  "adaptive_lasso_cv": {
    "test_mse": {
      "mean": 0.40299920014084767,
      "std": 0.24585149970413442
    },
    "model_size": {
      "mean": 45.09,
      "std": 23.215762235205982
    },
    "top_features": [
      [
        1761.0,
        0.79,
        79
      ],
      [
        2563.0,
        0.78,
        78
      ],
      [
        1130.0,
        0.75,
        75
      ],
      [
        2026.0,
        0.74,
        74
      ],
      [
        72.0,
        0.7,
        70
      ],
      [
        623.0,
        0.64,
        64
      ],
      [
        4002.0,
        0.63,
        63
      ],
      [
        1424.0,
        0.57,
        57
      ],
      [
        1826.0,
        0.52,
        52
      ],
      [
        2873.0,
        0.49,
        49
      ],
      [
        2241.0,
        0.48,
        48
      ],
      [
        3103.0,
        0.47,
        47
      ],
      [
        4003.0,
        0.46,
        46
      ],
      [
        1302.0,
        0.45,
        45
      ],
      [
        1635.0,
        0.44,
        44
      ],
      [
        281.0,
        0.44,
        44
      ],
      [
        1638.0,
        0.43,
        43
      ],
      [
        3310.0,
        0.43,
        43
      ],
      [
        1280.0,
        0.41,
        41
      ],
      [
        3225.0,
        0.41,
        41
      ]
    ]
  },
  "unilasso_cv": {
    "test_mse": {
      "mean": 52.00170859786977,
      "std": 1.967688503022011
    },
    "model_size": {
      "mean": 15.02,
      "std": 5.678205720297584
    },
    "top_features": [
      [
        2563.0,
        0.87,
        87
      ],
      [
        4002.0,
        0.86,
        86
      ],
      [
        1515.0,
        0.86,
        86
      ],
      [
        623.0,
        0.74,
        74
      ],
      [
        1311.0,
        0.69,
        69
      ],
      [
        1638.0,
        0.59,
        59
      ],
      [
        3513.0,
        0.55,
        55
      ],
      [
        1296.0,
        0.54,
        54
      ],
      [
        1277.0,
        0.53,
        53
      ],
      [
        4003.0,
        0.48,
        48
      ],
      [
        1122.0,
        0.44,
        44
      ],
      [
        1302.0,
        0.44,
        44
      ],
      [
        1761.0,
        0.37,
        37
      ],
      [
        1587.0,
        0.36,
        36
      ],
      [
        973.0,
        0.36,
        36
      ],
      [
        1995.0,
        0.34,
        34
      ],
      [
        3310.0,
        0.25,
        25
      ],
      [
        1278.0,
        0.25,
        25
      ],
      [
        826.0,
        0.25,
        25
      ],
      [
        2873.0,
        0.23,
        23
      ]
    ]
  },
  "lasso_cv": {
    "test_mse": {
      "mean": 0.29117599169944786,
      "std": 0.15291612467375423
    },
    "model_size": {
      "mean": 42.24,
      "std": 12.710546007075376
    },
    "top_features": [
      [
        2563.0,
        0.98,
        98
      ],
      [
        1761.0,
        0.92,
        92
      ],
      [
        4002.0,
        0.8,
        80
      ],
      [
        623.0,
        0.8,
        80
      ],
      [
        72.0,
        0.75,
        75
      ],
      [
        1130.0,
        0.75,
        75
      ],
      [
        2026.0,
        0.75,
        75
      ],
      [
        1638.0,
        0.68,
        68
      ],
      [
        4003.0,
        0.64,
        64
      ],
      [
        2873.0,
        0.6,
        60
      ],
      [
        1424.0,
        0.59,
        59
      ],
      [
        3310.0,
        0.59,
        59
      ],
      [
        3225.0,
        0.55,
        55
      ],
      [
        1826.0,
        0.54,
        54
      ],
      [
        1302.0,
        0.51,
        51
      ],
      [
        2241.0,
        0.47,
        47
      ],
      [
        3513.0,
        0.45,
        45
      ],
      [
        858.0,
        0.43,
        43
      ],
      [
        1363.0,
        0.43,
        43
      ],
      [
        3104.0,
        0.41,
        41
      ]
    ]
  },
  "relaxed_lasso_1se": {
    "test_mse": {
      "mean": 0.28186573614817745,
      "std": 0.13754484468579412
    },
    "model_size": {
      "mean": 20.92,
      "std": 7.288679474695569
    },
    "top_features": [
      [
        2563.0,
        0.89,
        89
      ],
      [
        4002.0,
        0.82,
        82
      ],
      [
        623.0,
        0.79,
        79
      ],
      [
        1761.0,
        0.69,
        69
      ],
      [
        1515.0,
        0.68,
        68
      ],
      [
        1311.0,
        0.65,
        65
      ],
      [
        1638.0,
        0.63,
        63
      ],
      [
        4003.0,
        0.57,
        57
      ],
      [
        1302.0,
        0.53,
        53
      ],
      [
        3513.0,
        0.52,
        52
      ],
      [
        72.0,
        0.49,
        49
      ],
      [
        1296.0,
        0.45,
        45
      ],
      [
        4074.0,
        0.39,
        39
      ],
      [
        3225.0,
        0.38,
        38
      ],
      [
        973.0,
        0.38,
        38
      ],
      [
        3310.0,
        0.37,
        37
      ],
      [
        1826.0,
        0.36,
        36
      ],
      [
        1819.0,
        0.35,
        35
      ],
      [
        1278.0,
        0.34,
        34
      ],
      [
        2026.0,
        0.34,
        34
      ]
    ]
  }
}