metric,m_s,r_2,f_1,t_p,f_d,p_r,r_e,s_p,n__,f_o,t_r
mean,203.4789776839545,0.050754807497052856,0.619376026272578,0.45,0.0,1.0,0.45,0.982,9.0,2.0,0.010546064376831055
std,39.474894142902464,0.03209313246412745,0.047624709475986786,0.04999999999999999,0.0,0.0,0.04999999999999999,0.0020000000000000018,1.0,1.5811388300841898,0.0004146876243114448
min,173.82056326355237,0.008466979274757036,0.5714285714285715,0.4,0.0,1.0,0.4,0.98,8.0,0.0,0.01006174087524414
max,268.79389864888515,0.08588804437169018,0.6666666666666666,0.5,0.0,1.0,0.5,0.984,10.0,4.0,0.011133670806884766
