experiment_id,experiment_name,family,repeat,sigma,mse,accuracy,auc,tpr,fdr,f1,n_selected,est_error,time_seconds
exp1,高维成对相关稀疏回归,gaussian,1,0.5,6.38665647939313,nan,nan,0.95,0.8733333333333333,0.2235294117647059,150,0.024752348672004494,2.672879934310913
exp1,高维成对相关稀疏回归,gaussian,1,1.0,5.153069086361289,nan,nan,1.0,0.7872340425531915,0.3508771929824561,94,0.014382752554515385,1.3575828075408936
exp1,高维成对相关稀疏回归,gaussian,1,2.5,13.579063730390956,nan,nan,0.85,0.8089887640449438,0.3119266055045872,89,0.022945812815637335,1.2753586769104004
exp1,高维成对相关稀疏回归,gaussian,2,0.5,6.2827990628672925,nan,nan,1.0,0.8373983739837398,0.27972027972027974,123,0.02113658944506991,1.3609585762023926
exp1,高维成对相关稀疏回归,gaussian,2,1.0,7.380608035730691,nan,nan,1.0,0.7701149425287356,0.37383177570093457,87,0.018488589922164768,1.3604049682617188
exp1,高维成对相关稀疏回归,gaussian,2,2.5,11.972780928882166,nan,nan,0.9,0.7662337662337663,0.3711340206185567,77,0.018551093792441208,1.1383311748504639
exp1,高维成对相关稀疏回归,gaussian,3,0.5,3.7878940197252655,nan,nan,1.0,0.7802197802197802,0.36036036036036034,91,0.014379910599019325,1.34568452835083
exp1,高维成对相关稀疏回归,gaussian,3,1.0,4.926867468194167,nan,nan,1.0,0.7872340425531915,0.3508771929824561,94,0.017989166754157113,1.3684020042419434
exp1,高维成对相关稀疏回归,gaussian,3,2.5,13.517898824332473,nan,nan,0.9,0.788235294117647,0.34285714285714286,85,0.02754551976658997,1.3295953273773193
